date,provider,gpu_model,gpu_count,region,rental_type,price_min_usd,price_median_usd,price_max_usd,n_offers,source_url,fetched_at
2026-05-08,crusoe,A100_PCIE_40GB,1,us,on_demand,1.45,1.45,1.45,1,https://crusoe.ai/cloud/pricing/,2026-05-08T08:35:45+00:00
2026-05-08,crusoe,A100_PCIE_80GB,1,us,on_demand,1.65,1.65,1.65,1,https://crusoe.ai/cloud/pricing/,2026-05-08T08:35:45+00:00
2026-05-08,crusoe,A100_SXM_80GB,1,us,on_demand,1.95,1.95,1.95,1,https://crusoe.ai/cloud/pricing/,2026-05-08T08:35:45+00:00
2026-05-08,crusoe,GB200,1,us,on_demand,4.29,4.29,4.29,1,https://crusoe.ai/cloud/pricing/,2026-05-08T08:35:45+00:00
2026-05-08,crusoe,H100_SXM,1,us,on_demand,3.9,3.9,3.9,1,https://crusoe.ai/cloud/pricing/,2026-05-08T08:35:45+00:00
2026-05-08,crusoe,L40S,1,us,on_demand,1.0,1.0,1.0,1,https://crusoe.ai/cloud/pricing/,2026-05-08T08:35:45+00:00
2026-05-08,crusoe,MI355X,1,us,on_demand,3.45,3.45,3.45,1,https://crusoe.ai/cloud/pricing/,2026-05-08T08:35:45+00:00
2026-05-08,lambda,A100_PCIE_40GB,1,us,on_demand,1.09,1.29,1.99,7,https://lambda.ai/service/gpu-cloud,2026-05-08T08:35:39+00:00
2026-05-08,lambda,A100_SXM_40GB,1,us,on_demand,0.79,1.99,2.79,4,https://lambda.ai/service/gpu-cloud,2026-05-08T08:35:39+00:00
2026-05-08,lambda,B200,1,us,on_demand,6.69,6.89,6.99,4,https://lambda.ai/service/gpu-cloud,2026-05-08T08:35:39+00:00
2026-05-08,lambda,GH200,1,us,on_demand,2.29,2.29,2.29,1,https://lambda.ai/service/gpu-cloud,2026-05-08T08:35:39+00:00
2026-05-08,lambda,H100_PCIE,1,us,on_demand,3.29,3.29,3.29,1,https://lambda.ai/service/gpu-cloud,2026-05-08T08:35:39+00:00
2026-05-08,lambda,H100_SXM,1,us,on_demand,3.99,4.19,4.29,4,https://lambda.ai/service/gpu-cloud,2026-05-08T08:35:39+00:00
2026-05-08,nebius,B200,1,eu,on_demand,5.5,5.5,5.5,1,https://nebius.com/prices,2026-05-08T08:35:48+00:00
2026-05-08,nebius,H100_SXM,1,eu,on_demand,2.95,2.95,2.95,1,https://nebius.com/prices,2026-05-08T08:35:48+00:00
2026-05-08,nebius,H200,1,eu,on_demand,3.5,3.5,3.5,1,https://nebius.com/prices,2026-05-08T08:35:48+00:00
2026-05-08,nebius,L40S,1,eu,on_demand,1.82,1.82,1.82,1,https://nebius.com/prices,2026-05-08T08:35:48+00:00
2026-05-08,runpod,A100_PCIE_80GB,1,secure,on_demand,1.39,1.39,1.39,1,https://api.runpod.io/graphql,2026-05-08T08:35:37+00:00
2026-05-08,runpod,A100_PCIE_80GB,1,any,on_demand,1.19,1.19,1.19,1,https://api.runpod.io/graphql,2026-05-08T08:35:37+00:00
2026-05-08,runpod,A100_PCIE_80GB,1,community,spot,1.19,1.19,1.19,1,https://api.runpod.io/graphql,2026-05-08T08:35:37+00:00
2026-05-08,runpod,A100_PCIE_80GB,1,any,spot,1.19,1.19,1.19,1,https://api.runpod.io/graphql,2026-05-08T08:35:37+00:00
2026-05-08,runpod,A100_SXM_40GB,1,any,on_demand,1.0,1.0,1.0,1,https://api.runpod.io/graphql,2026-05-08T08:35:37+00:00
2026-05-08,runpod,A100_SXM_80GB,1,secure,on_demand,1.49,1.49,1.49,1,https://api.runpod.io/graphql,2026-05-08T08:35:37+00:00
2026-05-08,runpod,A100_SXM_80GB,1,any,on_demand,1.39,1.39,1.39,1,https://api.runpod.io/graphql,2026-05-08T08:35:37+00:00
2026-05-08,runpod,A100_SXM_80GB,1,community,spot,1.39,1.39,1.39,1,https://api.runpod.io/graphql,2026-05-08T08:35:37+00:00
2026-05-08,runpod,A100_SXM_80GB,1,any,spot,1.39,1.39,1.39,1,https://api.runpod.io/graphql,2026-05-08T08:35:37+00:00
2026-05-08,runpod,B200,1,secure,on_demand,5.49,5.49,5.49,1,https://api.runpod.io/graphql,2026-05-08T08:35:37+00:00
2026-05-08,runpod,B200,1,any,on_demand,5.98,5.98,5.98,1,https://api.runpod.io/graphql,2026-05-08T08:35:37+00:00
2026-05-08,runpod,B300,1,secure,on_demand,7.39,7.39,7.39,1,https://api.runpod.io/graphql,2026-05-08T08:35:37+00:00
2026-05-08,runpod,B300,1,community,spot,6.94,6.94,6.94,1,https://api.runpod.io/graphql,2026-05-08T08:35:37+00:00
2026-05-08,runpod,H100_NVL,1,secure,on_demand,3.07,3.07,3.07,1,https://api.runpod.io/graphql,2026-05-08T08:35:37+00:00
2026-05-08,runpod,H100_NVL,1,any,on_demand,2.59,2.59,2.59,1,https://api.runpod.io/graphql,2026-05-08T08:35:37+00:00
2026-05-08,runpod,H100_NVL,1,community,spot,2.59,2.59,2.59,1,https://api.runpod.io/graphql,2026-05-08T08:35:37+00:00
2026-05-08,runpod,H100_NVL,1,any,spot,2.59,2.59,2.59,1,https://api.runpod.io/graphql,2026-05-08T08:35:37+00:00
2026-05-08,runpod,H100_PCIE,1,secure,on_demand,2.39,2.39,2.39,1,https://api.runpod.io/graphql,2026-05-08T08:35:37+00:00
2026-05-08,runpod,H100_PCIE,1,any,on_demand,1.99,1.99,1.99,1,https://api.runpod.io/graphql,2026-05-08T08:35:37+00:00
2026-05-08,runpod,H100_PCIE,1,community,spot,1.99,1.99,1.99,1,https://api.runpod.io/graphql,2026-05-08T08:35:37+00:00
2026-05-08,runpod,H100_PCIE,1,any,spot,1.99,1.99,1.99,1,https://api.runpod.io/graphql,2026-05-08T08:35:37+00:00
2026-05-08,runpod,H100_SXM,1,secure,on_demand,2.99,2.99,2.99,1,https://api.runpod.io/graphql,2026-05-08T08:35:37+00:00
2026-05-08,runpod,H100_SXM,1,any,on_demand,2.69,2.69,2.69,1,https://api.runpod.io/graphql,2026-05-08T08:35:37+00:00
2026-05-08,runpod,H100_SXM,1,community,spot,2.69,2.69,2.69,1,https://api.runpod.io/graphql,2026-05-08T08:35:37+00:00
2026-05-08,runpod,H100_SXM,1,any,spot,2.69,2.69,2.69,1,https://api.runpod.io/graphql,2026-05-08T08:35:37+00:00
2026-05-08,runpod,H200,1,secure,on_demand,3.99,3.99,3.99,1,https://api.runpod.io/graphql,2026-05-08T08:35:37+00:00
2026-05-08,runpod,H200,1,any,on_demand,3.59,3.59,3.59,1,https://api.runpod.io/graphql,2026-05-08T08:35:37+00:00
2026-05-08,runpod,L40,1,secure,on_demand,0.99,0.99,0.99,1,https://api.runpod.io/graphql,2026-05-08T08:35:37+00:00
2026-05-08,runpod,L40,1,any,on_demand,0.69,0.69,0.69,1,https://api.runpod.io/graphql,2026-05-08T08:35:37+00:00
2026-05-08,runpod,L40S,1,secure,on_demand,0.86,0.86,0.86,1,https://api.runpod.io/graphql,2026-05-08T08:35:37+00:00
2026-05-08,runpod,L40S,1,any,on_demand,0.79,0.79,0.79,1,https://api.runpod.io/graphql,2026-05-08T08:35:37+00:00
2026-05-08,runpod,L40S,1,community,spot,0.67,0.67,0.67,1,https://api.runpod.io/graphql,2026-05-08T08:35:37+00:00
2026-05-08,runpod,L40S,1,any,spot,0.67,0.67,0.67,1,https://api.runpod.io/graphql,2026-05-08T08:35:37+00:00
2026-05-08,runpod,MI300X,1,secure,on_demand,1.99,1.99,1.99,1,https://api.runpod.io/graphql,2026-05-08T08:35:37+00:00
2026-05-08,runpod,RTX_4090,1,secure,on_demand,0.69,0.69,0.69,1,https://api.runpod.io/graphql,2026-05-08T08:35:37+00:00
2026-05-08,runpod,RTX_4090,1,any,on_demand,0.34,0.34,0.34,1,https://api.runpod.io/graphql,2026-05-08T08:35:37+00:00
2026-05-08,runpod,RTX_4090,1,community,spot,0.29,0.29,0.29,1,https://api.runpod.io/graphql,2026-05-08T08:35:37+00:00
2026-05-08,runpod,RTX_4090,1,any,spot,0.29,0.29,0.29,1,https://api.runpod.io/graphql,2026-05-08T08:35:37+00:00
2026-05-08,runpod,RTX_5090,1,secure,on_demand,0.99,0.99,0.99,1,https://api.runpod.io/graphql,2026-05-08T08:35:37+00:00
2026-05-08,runpod,RTX_5090,1,any,on_demand,0.69,0.69,0.69,1,https://api.runpod.io/graphql,2026-05-08T08:35:37+00:00
2026-05-08,runpod,RTX_PRO_6000,1,secure,on_demand,1.89,1.89,1.89,1,https://api.runpod.io/graphql,2026-05-08T08:35:37+00:00
2026-05-08,runpod,RTX_PRO_6000,1,any,on_demand,1.69,1.69,1.69,1,https://api.runpod.io/graphql,2026-05-08T08:35:37+00:00
2026-05-08,sfcompute,H100_SXM,1,us,spot,2.04,2.04,2.04,1,https://sfcompute.com/,2026-05-08T08:35:50+00:00
2026-05-08,vast.ai,A100_PCIE_80GB,1,US,on_demand,0.4763,0.8015,0.9007,4,https://console.vast.ai/api/v0/bundles/,2026-05-08T08:35:26+00:00
2026-05-08,vast.ai,A100_PCIE_80GB,1,JP,on_demand,0.736,0.892,1.536,3,https://console.vast.ai/api/v0/bundles/,2026-05-08T08:35:26+00:00
2026-05-08,vast.ai,A100_PCIE_80GB,2,US,on_demand,0.4715,0.4715,0.4715,1,https://console.vast.ai/api/v0/bundles/,2026-05-08T08:35:26+00:00
2026-05-08,vast.ai,A100_PCIE_80GB,1,GB,on_demand,1.2022,1.2022,1.2022,2,https://console.vast.ai/api/v0/bundles/,2026-05-08T08:15:56+00:00
2026-05-08,vast.ai,A100_PCIE_80GB,2,JP,on_demand,0.7347,1.5347,1.5347,2,https://console.vast.ai/api/v0/bundles/,2026-05-08T08:35:26+00:00
2026-05-08,vast.ai,A100_PCIE_80GB,4,US,on_demand,0.4691,0.4691,0.4691,1,https://console.vast.ai/api/v0/bundles/,2026-05-08T08:35:26+00:00
2026-05-08,vast.ai,A100_PCIE_80GB,2,GB,on_demand,1.2011,1.2011,1.2011,1,https://console.vast.ai/api/v0/bundles/,2026-05-08T08:35:26+00:00
2026-05-08,vast.ai,A100_PCIE_80GB,4,JP,on_demand,0.734,0.734,0.734,1,https://console.vast.ai/api/v0/bundles/,2026-05-08T08:35:26+00:00
2026-05-08,vast.ai,A100_PCIE_80GB,4,EE,on_demand,0.8009,0.8009,0.8009,1,https://console.vast.ai/api/v0/bundles/,2026-05-08T08:35:26+00:00
2026-05-08,vast.ai,A100_PCIE_80GB,8,JP,on_demand,0.5603,0.835,1.0363,4,https://console.vast.ai/api/v0/bundles/,2026-05-08T08:35:26+00:00
2026-05-08,vast.ai,A100_PCIE_80GB,8,EE,on_demand,0.8005,0.8005,0.8005,1,https://console.vast.ai/api/v0/bundles/,2026-05-08T08:35:26+00:00
2026-05-08,vast.ai,A100_PCIE_80GB,1,GB,spot,0.182,0.182,0.182,1,https://console.vast.ai/api/v0/bundles/,2026-05-08T08:34:24+00:00
2026-05-08,vast.ai,A100_PCIE_80GB,2,GB,spot,0.182,0.182,0.182,1,https://console.vast.ai/api/v0/bundles/,2026-05-08T08:35:26+00:00
2026-05-08,vast.ai,A100_PCIE_80GB,1,US,spot,0.2667,0.3733,0.72,3,https://console.vast.ai/api/v0/bundles/,2026-05-08T08:35:26+00:00
2026-05-08,vast.ai,A100_PCIE_80GB,2,US,spot,0.3733,0.3733,0.3733,1,https://console.vast.ai/api/v0/bundles/,2026-05-08T08:35:26+00:00
2026-05-08,vast.ai,A100_PCIE_80GB,4,US,spot,0.3733,0.3733,0.3733,1,https://console.vast.ai/api/v0/bundles/,2026-05-08T08:35:26+00:00
2026-05-08,vast.ai,A100_SXM_80GB,1,CA,on_demand,0.5096,0.5096,0.5096,1,https://console.vast.ai/api/v0/bundles/,2026-05-08T08:15:56+00:00
2026-05-08,vast.ai,A100_SXM_80GB,1,SI,on_demand,0.6681,0.6681,0.6681,1,https://console.vast.ai/api/v0/bundles/,2026-05-08T08:35:26+00:00
2026-05-08,vast.ai,A100_SXM_80GB,1,DE,on_demand,0.7651,0.7651,0.7651,1,https://console.vast.ai/api/v0/bundles/,2026-05-08T08:35:26+00:00
2026-05-08,vast.ai,A100_SXM_80GB,1,CZ,on_demand,0.8007,0.8575,1.0827,4,https://console.vast.ai/api/v0/bundles/,2026-05-08T08:35:26+00:00
2026-05-08,vast.ai,A100_SXM_80GB,1,US,on_demand,0.8489,1.6443,1.6622,4,https://console.vast.ai/api/v0/bundles/,2026-05-08T08:35:26+00:00
2026-05-08,vast.ai,A100_SXM_80GB,1,GB,on_demand,0.9815,0.9815,0.9815,1,https://console.vast.ai/api/v0/bundles/,2026-05-08T08:35:26+00:00
2026-05-08,vast.ai,A100_SXM_80GB,2,SI,on_demand,0.6674,0.6674,0.6674,1,https://console.vast.ai/api/v0/bundles/,2026-05-08T08:35:26+00:00
2026-05-08,vast.ai,A100_SXM_80GB,2,US,on_demand,0.8478,0.9389,1.8744,5,https://console.vast.ai/api/v0/bundles/,2026-05-08T08:35:26+00:00
2026-05-08,vast.ai,A100_SXM_80GB,4,DE,on_demand,1.0672,1.0672,1.0672,1,https://console.vast.ai/api/v0/bundles/,2026-05-08T08:35:26+00:00
2026-05-08,vast.ai,A100_SXM_80GB,8,CA,on_demand,0.6669,0.6669,0.6669,1,https://console.vast.ai/api/v0/bundles/,2026-05-08T08:35:26+00:00
2026-05-08,vast.ai,A100_SXM_80GB,4,US,on_demand,1.6431,1.8741,1.8741,2,https://console.vast.ai/api/v0/bundles/,2026-05-08T08:35:26+00:00
2026-05-08,vast.ai,A100_SXM_80GB,8,JP,on_demand,1.3295,1.3295,1.3295,1,https://console.vast.ai/api/v0/bundles/,2026-05-08T08:35:26+00:00
2026-05-08,vast.ai,A100_SXM_80GB,1,SE,on_demand,0.655,0.655,0.655,1,https://console.vast.ai/api/v0/bundles/,2026-05-08T08:35:26+00:00
2026-05-08,vast.ai,A100_SXM_80GB,1,NL,on_demand,0.6713,0.6713,0.6713,1,https://console.vast.ai/api/v0/bundles/,2026-05-08T08:35:26+00:00
2026-05-08,vast.ai,A100_SXM_80GB,1,FR,on_demand,0.8556,0.8556,0.8556,1,https://console.vast.ai/api/v0/bundles/,2026-05-08T08:35:26+00:00
2026-05-08,vast.ai,A100_SXM_80GB,1,JP,on_demand,1.1756,1.1756,1.1756,2,https://console.vast.ai/api/v0/bundles/,2026-05-08T08:35:26+00:00
2026-05-08,vast.ai,A100_SXM_80GB,1,CZ,spot,0.1333,0.8,0.8,2,https://console.vast.ai/api/v0/bundles/,2026-05-08T08:35:26+00:00
2026-05-08,vast.ai,A100_SXM_80GB,1,US,spot,0.24,0.8552,0.8758,4,https://console.vast.ai/api/v0/bundles/,2026-05-08T08:35:26+00:00
2026-05-08,vast.ai,A100_SXM_80GB,1,CA,spot,0.4933,0.4933,0.4933,1,https://console.vast.ai/api/v0/bundles/,2026-05-08T08:35:26+00:00
2026-05-08,vast.ai,A100_SXM_80GB,2,US,spot,0.24,0.8214,0.9368,4,https://console.vast.ai/api/v0/bundles/,2026-05-08T08:35:26+00:00
2026-05-08,vast.ai,A100_SXM_80GB,1,NL,spot,0.6267,0.6267,0.6267,1,https://console.vast.ai/api/v0/bundles/,2026-05-08T08:34:24+00:00
2026-05-08,vast.ai,A100_SXM_80GB,1,GB,spot,0.6667,0.6667,0.6667,1,https://console.vast.ai/api/v0/bundles/,2026-05-08T08:35:26+00:00
2026-05-08,vast.ai,A100_SXM_80GB,1,DE,spot,0.7333,0.7333,0.7333,1,https://console.vast.ai/api/v0/bundles/,2026-05-08T08:35:26+00:00
2026-05-08,vast.ai,A100_SXM_80GB,4,US,spot,0.8214,0.8758,0.8758,2,https://console.vast.ai/api/v0/bundles/,2026-05-08T08:35:26+00:00
2026-05-08,vast.ai,A100_SXM_80GB,4,DE,spot,0.9867,0.9867,0.9867,1,https://console.vast.ai/api/v0/bundles/,2026-05-08T08:35:26+00:00
2026-05-08,vast.ai,A100_SXM_80GB,8,CA,spot,0.5333,0.5333,0.5333,1,https://console.vast.ai/api/v0/bundles/,2026-05-08T08:35:26+00:00
2026-05-08,vast.ai,A100_SXM_80GB,1,FR,spot,0.7333,0.7333,0.7333,1,https://console.vast.ai/api/v0/bundles/,2026-05-08T08:35:26+00:00
2026-05-08,vast.ai,B200,1,US,on_demand,3.9396,4.0639,5.0014,3,https://console.vast.ai/api/v0/bundles/,2026-05-08T08:35:26+00:00
2026-05-08,vast.ai,B200,1,JP,on_demand,4.6813,4.6813,4.6813,1,https://console.vast.ai/api/v0/bundles/,2026-05-08T08:35:26+00:00
2026-05-08,vast.ai,B200,2,US,on_demand,3.626,3.9385,5.0007,4,https://console.vast.ai/api/v0/bundles/,2026-05-08T08:35:26+00:00
2026-05-08,vast.ai,B200,2,JP,on_demand,4.68,6.2385,6.2385,2,https://console.vast.ai/api/v0/bundles/,2026-05-08T08:35:26+00:00
2026-05-08,vast.ai,B200,4,US,on_demand,3.5642,3.938,5.0003,4,https://console.vast.ai/api/v0/bundles/,2026-05-08T08:35:26+00:00
2026-05-08,vast.ai,B200,4,JP,on_demand,4.6794,6.238,6.2381,3,https://console.vast.ai/api/v0/bundles/,2026-05-08T08:35:26+00:00
2026-05-08,vast.ai,B200,8,US,on_demand,3.7502,5.6252,5.6252,2,https://console.vast.ai/api/v0/bundles/,2026-05-08T08:35:26+00:00
2026-05-08,vast.ai,B200,8,JP,on_demand,4.6791,6.2378,6.2378,3,https://console.vast.ai/api/v0/bundles/,2026-05-08T08:35:26+00:00
2026-05-08,vast.ai,B200,1,US,spot,3.25,3.4375,4.0,3,https://console.vast.ai/api/v0/bundles/,2026-05-08T08:35:26+00:00
2026-05-08,vast.ai,B200,1,JP,spot,3.9775,3.9775,3.9775,1,https://console.vast.ai/api/v0/bundles/,2026-05-08T08:35:26+00:00
2026-05-08,vast.ai,B200,2,US,spot,3.25,3.4375,4.0,4,https://console.vast.ai/api/v0/bundles/,2026-05-08T08:35:26+00:00
2026-05-08,vast.ai,B200,2,JP,spot,3.9775,3.9775,3.9775,1,https://console.vast.ai/api/v0/bundles/,2026-05-08T08:35:26+00:00
2026-05-08,vast.ai,B200,4,US,spot,3.1875,3.4375,4.0,4,https://console.vast.ai/api/v0/bundles/,2026-05-08T08:35:26+00:00
2026-05-08,vast.ai,B200,4,JP,spot,3.9775,5.3025,5.3025,2,https://console.vast.ai/api/v0/bundles/,2026-05-08T08:35:26+00:00
2026-05-08,vast.ai,B200,8,US,spot,2.625,3.0,3.0,2,https://console.vast.ai/api/v0/bundles/,2026-05-08T08:35:26+00:00
2026-05-08,vast.ai,B200,8,JP,spot,3.9775,5.3025,5.3025,2,https://console.vast.ai/api/v0/bundles/,2026-05-08T08:35:26+00:00
2026-05-08,vast.ai,H100_NVL,1,US,on_demand,1.7622,2.6689,2.6689,2,https://console.vast.ai/api/v0/bundles/,2026-05-08T08:35:26+00:00
2026-05-08,vast.ai,H100_NVL,2,US,on_demand,1.7611,1.7611,1.7611,1,https://console.vast.ai/api/v0/bundles/,2026-05-08T08:35:26+00:00
2026-05-08,vast.ai,H100_NVL,1,US,spot,1.2267,1.2267,1.2267,1,https://console.vast.ai/api/v0/bundles/,2026-05-08T08:35:26+00:00
2026-05-08,vast.ai,H100_NVL,2,US,spot,1.2267,1.2267,1.2267,1,https://console.vast.ai/api/v0/bundles/,2026-05-08T08:35:26+00:00
2026-05-08,vast.ai,H100_SXM,1,NL,on_demand,1.8681,1.8681,1.8681,1,https://console.vast.ai/api/v0/bundles/,2026-05-08T08:35:26+00:00
2026-05-08,vast.ai,H100_SXM,1,US,on_demand,4.9089,4.9089,4.9089,1,https://console.vast.ai/api/v0/bundles/,2026-05-08T08:35:26+00:00
2026-05-08,vast.ai,H100_SXM,2,US,on_demand,2.9344,4.9078,6.8404,3,https://console.vast.ai/api/v0/bundles/,2026-05-08T08:35:26+00:00
2026-05-08,vast.ai,H100_SXM,4,US,on_demand,2.9339,3.8001,3.8001,2,https://console.vast.ai/api/v0/bundles/,2026-05-08T08:35:26+00:00
2026-05-08,vast.ai,H100_SXM,8,US,on_demand,2.9336,3.2139,3.2139,2,https://console.vast.ai/api/v0/bundles/,2026-05-08T08:15:56+00:00
2026-05-08,vast.ai,H100_SXM,8,JP,on_demand,2.9337,2.9337,2.9337,1,https://console.vast.ai/api/v0/bundles/,2026-05-08T08:35:26+00:00
2026-05-08,vast.ai,H100_SXM,1,IN,on_demand,2.2863,2.2863,2.2863,1,https://console.vast.ai/api/v0/bundles/,2026-05-08T08:35:26+00:00
2026-05-08,vast.ai,H100_SXM,1,NL,spot,1.0667,1.0667,1.0667,1,https://console.vast.ai/api/v0/bundles/,2026-05-08T08:35:26+00:00
2026-05-08,vast.ai,H100_SXM,1,US,spot,1.3333,1.3333,1.3333,1,https://console.vast.ai/api/v0/bundles/,2026-05-08T08:35:26+00:00
2026-05-08,vast.ai,H100_SXM,4,US,spot,0.4,2.5333,2.5333,2,https://console.vast.ai/api/v0/bundles/,2026-05-08T08:35:26+00:00
2026-05-08,vast.ai,H100_SXM,2,US,spot,1.3333,2.5333,6.6667,3,https://console.vast.ai/api/v0/bundles/,2026-05-08T08:35:26+00:00
2026-05-08,vast.ai,H100_SXM,8,US,spot,2.5333,2.5333,2.5333,1,https://console.vast.ai/api/v0/bundles/,2026-05-08T08:15:56+00:00
2026-05-08,vast.ai,H100_SXM,8,JP,spot,2.6667,2.6667,2.6667,1,https://console.vast.ai/api/v0/bundles/,2026-05-08T08:35:26+00:00
2026-05-08,vast.ai,H100_SXM,1,IN,spot,0.6,0.6,0.6,1,https://console.vast.ai/api/v0/bundles/,2026-05-08T08:35:26+00:00
2026-05-08,vast.ai,H200,1,IN,on_demand,3.0022,3.0022,3.0022,1,https://console.vast.ai/api/v0/bundles/,2026-05-08T08:15:56+00:00
2026-05-08,vast.ai,H200,1,US,on_demand,3.6151,4.0014,4.195,4,https://console.vast.ai/api/v0/bundles/,2026-05-08T08:35:26+00:00
2026-05-08,vast.ai,H200,1,JP,on_demand,4.3118,4.3118,4.3118,1,https://console.vast.ai/api/v0/bundles/,2026-05-08T08:35:26+00:00
2026-05-08,vast.ai,H200,2,US,on_demand,3.3559,3.872,4.1943,6,https://console.vast.ai/api/v0/bundles/,2026-05-08T08:35:26+00:00
2026-05-08,vast.ai,H200,2,SE,on_demand,3.8072,3.8072,3.8072,1,https://console.vast.ai/api/v0/bundles/,2026-05-08T08:15:56+00:00
2026-05-08,vast.ai,H200,2,JP,on_demand,4.3108,4.3108,4.3108,1,https://console.vast.ai/api/v0/bundles/,2026-05-08T08:35:26+00:00
2026-05-08,vast.ai,H200,4,US,on_demand,3.6134,3.8715,3.8715,6,https://console.vast.ai/api/v0/bundles/,2026-05-08T08:35:26+00:00
2026-05-08,vast.ai,H200,4,JP,on_demand,3.6818,4.3102,4.3102,2,https://console.vast.ai/api/v0/bundles/,2026-05-08T08:35:26+00:00
2026-05-08,vast.ai,H200,8,US,on_demand,3.6132,3.8712,3.8712,5,https://console.vast.ai/api/v0/bundles/,2026-05-08T08:35:26+00:00
2026-05-08,vast.ai,H200,8,JP,on_demand,4.3099,4.7747,4.7747,2,https://console.vast.ai/api/v0/bundles/,2026-05-08T08:35:26+00:00
2026-05-08,vast.ai,H200,8,IS,on_demand,4.7747,4.9683,4.9683,2,https://console.vast.ai/api/v0/bundles/,2026-05-08T08:35:26+00:00
2026-05-08,vast.ai,H200,1,IN,spot,1.0,1.0,1.0,1,https://console.vast.ai/api/v0/bundles/,2026-05-08T08:15:56+00:00
2026-05-08,vast.ai,H200,1,US,spot,0.7742,3.2258,3.4839,4,https://console.vast.ai/api/v0/bundles/,2026-05-08T08:35:26+00:00
2026-05-08,vast.ai,H200,1,JP,spot,2.8568,2.8568,2.8568,1,https://console.vast.ai/api/v0/bundles/,2026-05-08T08:35:26+00:00
2026-05-08,vast.ai,H200,2,SE,spot,1.9355,1.9355,1.9355,1,https://console.vast.ai/api/v0/bundles/,2026-05-08T08:15:56+00:00
2026-05-08,vast.ai,H200,2,US,spot,2.1935,3.2258,3.4839,6,https://console.vast.ai/api/v0/bundles/,2026-05-08T08:35:26+00:00
2026-05-08,vast.ai,H200,4,US,spot,3.2258,3.3548,3.4839,6,https://console.vast.ai/api/v0/bundles/,2026-05-08T08:35:26+00:00
2026-05-08,vast.ai,H200,4,JP,spot,3.6632,4.6981,4.6981,2,https://console.vast.ai/api/v0/bundles/,2026-05-08T08:35:26+00:00
2026-05-08,vast.ai,H200,8,US,spot,3.2258,3.2258,3.4839,5,https://console.vast.ai/api/v0/bundles/,2026-05-08T08:35:26+00:00
2026-05-08,vast.ai,H200,8,JP,spot,3.6632,4.0581,4.0581,2,https://console.vast.ai/api/v0/bundles/,2026-05-08T08:35:26+00:00
2026-05-08,vast.ai,H200,8,IS,spot,4.5161,4.7097,4.7097,2,https://console.vast.ai/api/v0/bundles/,2026-05-08T08:35:26+00:00
2026-05-08,vast.ai,L40,1,FI,on_demand,0.5778,0.5778,0.5778,1,https://console.vast.ai/api/v0/bundles/,2026-05-08T08:35:26+00:00
2026-05-08,vast.ai,L40,2,FI,on_demand,0.5756,0.5756,0.5756,1,https://console.vast.ai/api/v0/bundles/,2026-05-08T08:35:26+00:00
2026-05-08,vast.ai,L40,4,FI,on_demand,0.5744,0.5744,0.5744,1,https://console.vast.ai/api/v0/bundles/,2026-05-08T08:35:26+00:00
2026-05-08,vast.ai,L40,1,FI,spot,0.4667,0.4667,0.4667,1,https://console.vast.ai/api/v0/bundles/,2026-05-08T08:35:26+00:00
2026-05-08,vast.ai,L40,2,FI,spot,0.4667,0.4667,0.4667,1,https://console.vast.ai/api/v0/bundles/,2026-05-08T08:35:26+00:00
2026-05-08,vast.ai,L40,4,FI,spot,0.4667,0.4667,0.4667,1,https://console.vast.ai/api/v0/bundles/,2026-05-08T08:35:26+00:00
2026-05-08,vast.ai,L40S,1,US,on_demand,0.5615,1.2074,1.2074,3,https://console.vast.ai/api/v0/bundles/,2026-05-08T08:35:26+00:00
2026-05-08,vast.ai,L40S,1,TW,on_demand,0.5756,0.5756,0.5756,1,https://console.vast.ai/api/v0/bundles/,2026-05-08T08:35:26+00:00
2026-05-08,vast.ai,L40S,1,JP,on_demand,0.6015,0.6015,0.6015,2,https://console.vast.ai/api/v0/bundles/,2026-05-08T08:35:26+00:00
2026-05-08,vast.ai,L40S,1,FI,on_demand,0.6037,0.6037,0.6037,1,https://console.vast.ai/api/v0/bundles/,2026-05-08T08:35:26+00:00
2026-05-08,vast.ai,L40S,2,TW,on_demand,0.5744,0.5744,0.5744,2,https://console.vast.ai/api/v0/bundles/,2026-05-08T08:35:26+00:00
2026-05-08,vast.ai,L40S,2,FI,on_demand,0.6019,0.6019,0.6019,1,https://console.vast.ai/api/v0/bundles/,2026-05-08T08:35:26+00:00
2026-05-08,vast.ai,L40S,4,TW,on_demand,0.5739,0.5739,0.5739,1,https://console.vast.ai/api/v0/bundles/,2026-05-08T08:35:26+00:00
2026-05-08,vast.ai,L40S,2,US,on_demand,1.0704,1.2037,1.2037,2,https://console.vast.ai/api/v0/bundles/,2026-05-08T08:35:26+00:00
2026-05-08,vast.ai,L40S,4,US,on_demand,1.0685,1.2019,1.2019,3,https://console.vast.ai/api/v0/bundles/,2026-05-08T08:35:26+00:00
2026-05-08,vast.ai,L40S,8,US,on_demand,1.0676,1.2009,1.2009,3,https://console.vast.ai/api/v0/bundles/,2026-05-08T08:35:26+00:00
2026-05-08,vast.ai,L40S,2,JP,on_demand,0.6007,0.6007,0.6007,1,https://console.vast.ai/api/v0/bundles/,2026-05-08T08:35:26+00:00
2026-05-08,vast.ai,L40S,1,TR,spot,0.2,0.2,0.2,1,https://console.vast.ai/api/v0/bundles/,2026-05-08T08:15:56+00:00
2026-05-08,vast.ai,L40S,1,US,spot,0.2667,0.5333,0.5333,2,https://console.vast.ai/api/v0/bundles/,2026-05-08T08:35:26+00:00
2026-05-08,vast.ai,L40S,1,JP,spot,0.5333,0.5333,0.5333,2,https://console.vast.ai/api/v0/bundles/,2026-05-08T08:35:26+00:00
2026-05-08,vast.ai,L40S,1,TW,spot,0.5333,0.5333,0.5333,1,https://console.vast.ai/api/v0/bundles/,2026-05-08T08:35:26+00:00
2026-05-08,vast.ai,L40S,1,FI,spot,0.4667,0.4667,0.4667,1,https://console.vast.ai/api/v0/bundles/,2026-05-08T08:35:26+00:00
2026-05-08,vast.ai,L40S,2,US,spot,0.4,0.5333,0.5333,2,https://console.vast.ai/api/v0/bundles/,2026-05-08T08:35:26+00:00
2026-05-08,vast.ai,L40S,2,TW,spot,0.5333,0.5333,0.5333,2,https://console.vast.ai/api/v0/bundles/,2026-05-08T08:35:26+00:00
2026-05-08,vast.ai,L40S,2,FI,spot,0.4667,0.4667,0.4667,1,https://console.vast.ai/api/v0/bundles/,2026-05-08T08:35:26+00:00
2026-05-08,vast.ai,L40S,4,US,spot,0.4,0.5333,0.5333,2,https://console.vast.ai/api/v0/bundles/,2026-05-08T08:35:26+00:00
2026-05-08,vast.ai,L40S,4,TW,spot,0.5333,0.5333,0.5333,1,https://console.vast.ai/api/v0/bundles/,2026-05-08T08:35:26+00:00
2026-05-08,vast.ai,L40S,8,US,spot,0.4,0.5333,0.5333,2,https://console.vast.ai/api/v0/bundles/,2026-05-08T08:35:26+00:00
2026-05-08,vast.ai,L40S,2,JP,spot,0.5333,0.5333,0.5333,1,https://console.vast.ai/api/v0/bundles/,2026-05-08T08:35:26+00:00
2026-05-08,vast.ai,RTX_4090,1,SE,on_demand,0.343,0.343,0.343,1,https://console.vast.ai/api/v0/bundles/,2026-05-08T08:35:26+00:00
2026-05-08,vast.ai,RTX_4090,1,FR,on_demand,0.2822,0.2822,0.2822,1,https://console.vast.ai/api/v0/bundles/,2026-05-08T08:35:26+00:00
2026-05-08,vast.ai,RTX_4090,1,US,on_demand,0.3313,0.5613,0.6696,16,https://console.vast.ai/api/v0/bundles/,2026-05-08T08:35:26+00:00
2026-05-08,vast.ai,RTX_4090,1,IL,on_demand,0.3348,0.3348,0.3348,1,https://console.vast.ai/api/v0/bundles/,2026-05-08T08:35:26+00:00
2026-05-08,vast.ai,RTX_4090,1,NO,on_demand,0.3363,0.3363,0.4681,3,https://console.vast.ai/api/v0/bundles/,2026-05-08T08:35:26+00:00
2026-05-08,vast.ai,RTX_4090,1,JP,on_demand,0.3409,0.6015,0.6015,2,https://console.vast.ai/api/v0/bundles/,2026-05-08T08:35:26+00:00
2026-05-08,vast.ai,RTX_4090,1,IN,on_demand,0.3434,0.3434,0.3434,1,https://console.vast.ai/api/v0/bundles/,2026-05-08T08:15:56+00:00
2026-05-08,vast.ai,RTX_4090,1,IS,on_demand,0.4017,0.4017,0.4683,10,https://console.vast.ai/api/v0/bundles/,2026-05-08T08:35:26+00:00
2026-05-08,vast.ai,RTX_4090,1,CN,on_demand,0.3622,0.3622,0.3622,1,https://console.vast.ai/api/v0/bundles/,2026-05-08T08:35:26+00:00
2026-05-08,vast.ai,RTX_4090,1,DE,on_demand,0.3622,0.3622,0.3622,1,https://console.vast.ai/api/v0/bundles/,2026-05-08T08:35:26+00:00
2026-05-08,vast.ai,RTX_4090,1,FI,on_demand,0.363,0.4037,0.4037,2,https://console.vast.ai/api/v0/bundles/,2026-05-08T08:34:24+00:00
2026-05-08,vast.ai,RTX_4090,1,BG,on_demand,0.3756,0.4022,0.4022,2,https://console.vast.ai/api/v0/bundles/,2026-05-08T08:35:26+00:00
2026-05-08,vast.ai,RTX_4090,1,PL,on_demand,0.3776,0.3776,0.3776,1,https://console.vast.ai/api/v0/bundles/,2026-05-08T08:35:26+00:00
2026-05-08,vast.ai,RTX_4090,1,HU,on_demand,0.3363,0.4163,0.4163,2,https://console.vast.ai/api/v0/bundles/,2026-05-08T08:35:26+00:00
2026-05-08,vast.ai,RTX_4090,1,ES,on_demand,0.3356,0.4956,0.4956,2,https://console.vast.ai/api/v0/bundles/,2026-05-08T08:35:26+00:00
2026-05-08,vast.ai,RTX_4090,2,HK,on_demand,0.2537,0.2537,0.2537,1,https://console.vast.ai/api/v0/bundles/,2026-05-08T08:15:56+00:00
2026-05-08,vast.ai,RTX_4090,2,BG,on_demand,0.3744,0.3744,0.3744,1,https://console.vast.ai/api/v0/bundles/,2026-05-08T08:35:26+00:00
2026-05-08,vast.ai,RTX_4090,2,CA,on_demand,0.2798,0.2798,0.2798,1,https://console.vast.ai/api/v0/bundles/,2026-05-08T08:35:26+00:00
2026-05-08,vast.ai,RTX_4090,2,TW,on_demand,0.2937,0.3422,0.3422,2,https://console.vast.ai/api/v0/bundles/,2026-05-08T08:35:26+00:00
2026-05-08,vast.ai,RTX_4090,2,US,on_demand,0.2944,0.5605,0.6681,10,https://console.vast.ai/api/v0/bundles/,2026-05-08T08:35:26+00:00
2026-05-08,vast.ai,RTX_4090,1,GB,on_demand,0.6022,0.6022,0.6022,1,https://console.vast.ai/api/v0/bundles/,2026-05-08T08:35:26+00:00
2026-05-08,vast.ai,RTX_4090,1,RO,on_demand,0.4222,0.6356,0.6356,2,https://console.vast.ai/api/v0/bundles/,2026-05-08T08:35:26+00:00
2026-05-08,vast.ai,RTX_4090,2,NO,on_demand,0.3348,0.3348,0.4674,5,https://console.vast.ai/api/v0/bundles/,2026-05-08T08:35:26+00:00
2026-05-08,vast.ai,RTX_4090,2,IS,on_demand,0.3475,0.4008,0.4011,5,https://console.vast.ai/api/v0/bundles/,2026-05-08T08:35:26+00:00
2026-05-08,vast.ai,RTX_4090,2,CN,on_demand,0.3611,0.3611,0.3611,2,https://console.vast.ai/api/v0/bundles/,2026-05-08T08:35:26+00:00
2026-05-08,vast.ai,RTX_4090,2,FI,on_demand,0.4019,0.4019,0.4019,1,https://console.vast.ai/api/v0/bundles/,2026-05-08T08:35:26+00:00
2026-05-08,vast.ai,RTX_4090,4,CN,on_demand,0.2806,0.3605,0.3606,5,https://console.vast.ai/api/v0/bundles/,2026-05-08T08:35:26+00:00
2026-05-08,vast.ai,RTX_4090,4,TW,on_demand,0.3072,0.3339,0.3339,2,https://console.vast.ai/api/v0/bundles/,2026-05-08T08:35:26+00:00
2026-05-08,vast.ai,RTX_4090,2,RO,on_demand,0.6344,0.6344,0.6344,1,https://console.vast.ai/api/v0/bundles/,2026-05-08T08:35:26+00:00
2026-05-08,vast.ai,RTX_4090,4,BG,on_demand,0.3739,0.6006,0.6006,2,https://console.vast.ai/api/v0/bundles/,2026-05-08T08:35:26+00:00
2026-05-08,vast.ai,RTX_4090,4,MK,on_demand,0.3996,0.3996,0.3996,1,https://console.vast.ai/api/v0/bundles/,2026-05-08T08:35:26+00:00
2026-05-08,vast.ai,RTX_4090,4,IS,on_demand,0.4004,0.4004,0.4004,3,https://console.vast.ai/api/v0/bundles/,2026-05-08T08:35:26+00:00
2026-05-08,vast.ai,RTX_4090,5,IS,on_demand,0.4003,0.4003,0.4003,2,https://console.vast.ai/api/v0/bundles/,2026-05-08T08:35:26+00:00
2026-05-08,vast.ai,RTX_4090,4,US,on_demand,0.3341,0.6011,0.6673,3,https://console.vast.ai/api/v0/bundles/,2026-05-08T08:35:26+00:00
2026-05-08,vast.ai,RTX_4090,8,TW,on_demand,0.3069,0.3069,0.3069,1,https://console.vast.ai/api/v0/bundles/,2026-05-08T08:35:26+00:00
2026-05-08,vast.ai,RTX_4090,8,CN,on_demand,0.3509,0.3602,0.3603,3,https://console.vast.ai/api/v0/bundles/,2026-05-08T08:35:26+00:00
2026-05-08,vast.ai,RTX_4090,8,GB,on_demand,0.3736,0.6672,0.6672,2,https://console.vast.ai/api/v0/bundles/,2026-05-08T08:35:26+00:00
2026-05-08,vast.ai,RTX_4090,10,TW,on_demand,0.3069,0.3202,0.3202,2,https://console.vast.ai/api/v0/bundles/,2026-05-08T08:35:26+00:00
2026-05-08,vast.ai,RTX_4090,8,SI,on_demand,0.4802,0.4802,0.4802,1,https://console.vast.ai/api/v0/bundles/,2026-05-08T08:35:26+00:00
2026-05-08,vast.ai,RTX_4090,8,BG,on_demand,0.6003,0.6003,0.6003,1,https://console.vast.ai/api/v0/bundles/,2026-05-08T08:35:26+00:00
2026-05-08,vast.ai,RTX_4090,8,US,on_demand,0.3203,0.6006,0.6006,2,https://console.vast.ai/api/v0/bundles/,2026-05-08T08:35:26+00:00
2026-05-08,vast.ai,RTX_4090,14,US,on_demand,0.3935,0.3935,0.3935,1,https://console.vast.ai/api/v0/bundles/,2026-05-08T08:35:26+00:00
2026-05-08,vast.ai,RTX_4090,12,US,on_demand,0.6004,0.6004,0.6004,1,https://console.vast.ai/api/v0/bundles/,2026-05-08T08:35:26+00:00
2026-05-08,vast.ai,RTX_4090,1,TW,on_demand,0.3058,0.3058,0.3058,1,https://console.vast.ai/api/v0/bundles/,2026-05-08T08:34:24+00:00
2026-05-08,vast.ai,RTX_4090,1,DK,on_demand,0.3433,0.3433,0.3433,2,https://console.vast.ai/api/v0/bundles/,2026-05-08T08:35:26+00:00
2026-05-08,vast.ai,RTX_4090,2,HU,on_demand,0.4148,0.4148,0.4148,1,https://console.vast.ai/api/v0/bundles/,2026-05-08T08:35:26+00:00
2026-05-08,vast.ai,RTX_4090,4,FR,on_demand,0.2672,0.2672,0.2672,1,https://console.vast.ai/api/v0/bundles/,2026-05-08T08:35:26+00:00
2026-05-08,vast.ai,RTX_4090,2,JP,on_demand,0.6007,0.6007,0.6007,1,https://console.vast.ai/api/v0/bundles/,2026-05-08T08:35:26+00:00
2026-05-08,vast.ai,RTX_4090,2,GB,on_demand,0.6011,0.6011,0.6011,1,https://console.vast.ai/api/v0/bundles/,2026-05-08T08:35:26+00:00
2026-05-08,vast.ai,RTX_4090,4,NO,on_demand,0.3341,0.3341,0.3341,1,https://console.vast.ai/api/v0/bundles/,2026-05-08T08:34:24+00:00
2026-05-08,vast.ai,RTX_4090,4,RO,on_demand,0.4206,0.4206,0.4206,1,https://console.vast.ai/api/v0/bundles/,2026-05-08T08:35:26+00:00
2026-05-08,vast.ai,RTX_4090,8,FR,on_demand,0.2669,0.2669,0.2669,1,https://console.vast.ai/api/v0/bundles/,2026-05-08T08:35:26+00:00
2026-05-08,vast.ai,RTX_4090,9,TW,on_demand,0.3336,0.3336,0.3336,1,https://console.vast.ai/api/v0/bundles/,2026-05-08T08:35:26+00:00
2026-05-08,vast.ai,RTX_4090,9,BG,on_demand,0.6002,0.6002,0.6002,1,https://console.vast.ai/api/v0/bundles/,2026-05-08T08:34:24+00:00
2026-05-08,vast.ai,RTX_4090,1,NO,spot,0.113,0.158,0.4,4,https://console.vast.ai/api/v0/bundles/,2026-05-08T08:35:26+00:00
2026-05-08,vast.ai,RTX_4090,2,NO,spot,0.113,0.113,0.4,3,https://console.vast.ai/api/v0/bundles/,2026-05-08T08:35:26+00:00
2026-05-08,vast.ai,RTX_4090,1,CA,spot,0.3333,0.5333,0.5333,2,https://console.vast.ai/api/v0/bundles/,2026-05-08T08:35:26+00:00
2026-05-08,vast.ai,RTX_4090,1,US,spot,0.176,0.3733,0.54,20,https://console.vast.ai/api/v0/bundles/,2026-05-08T08:35:26+00:00
2026-05-08,vast.ai,RTX_4090,1,DE,spot,0.2,0.2,0.2,1,https://console.vast.ai/api/v0/bundles/,2026-05-08T08:35:26+00:00
2026-05-08,vast.ai,RTX_4090,1,FR,spot,0.2,0.2,0.2,1,https://console.vast.ai/api/v0/bundles/,2026-05-08T08:34:24+00:00
2026-05-08,vast.ai,RTX_4090,1,CN,spot,0.2267,0.2267,0.2267,1,https://console.vast.ai/api/v0/bundles/,2026-05-08T08:35:26+00:00
2026-05-08,vast.ai,RTX_4090,1,FI,spot,0.2533,0.2533,0.2533,1,https://console.vast.ai/api/v0/bundles/,2026-05-08T08:34:24+00:00
2026-05-08,vast.ai,RTX_4090,1,JP,spot,0.2667,0.2667,0.2667,1,https://console.vast.ai/api/v0/bundles/,2026-05-08T08:35:26+00:00
2026-05-08,vast.ai,RTX_4090,1,IL,spot,0.2667,0.2667,0.2667,1,https://console.vast.ai/api/v0/bundles/,2026-05-08T08:35:26+00:00
2026-05-08,vast.ai,RTX_4090,1,SE,spot,0.2667,0.2667,0.2667,1,https://console.vast.ai/api/v0/bundles/,2026-05-08T08:34:24+00:00
2026-05-08,vast.ai,RTX_4090,1,IS,spot,0.3333,0.3893,0.4267,10,https://console.vast.ai/api/v0/bundles/,2026-05-08T08:35:26+00:00
2026-05-08,vast.ai,RTX_4090,2,CA,spot,0.1707,0.1707,0.1707,1,https://console.vast.ai/api/v0/bundles/,2026-05-08T08:35:26+00:00
2026-05-08,vast.ai,RTX_4090,1,PL,spot,0.3453,0.3453,0.3453,1,https://console.vast.ai/api/v0/bundles/,2026-05-08T08:35:26+00:00
2026-05-08,vast.ai,RTX_4090,1,GB,spot,0.4,0.4,0.4,1,https://console.vast.ai/api/v0/bundles/,2026-05-08T08:35:26+00:00
2026-05-08,vast.ai,RTX_4090,1,RO,spot,0.4,0.5333,0.5333,2,https://console.vast.ai/api/v0/bundles/,2026-05-08T08:35:26+00:00
2026-05-08,vast.ai,RTX_4090,2,US,spot,0.176,0.24,0.5333,13,https://console.vast.ai/api/v0/bundles/,2026-05-08T08:35:26+00:00
2026-05-08,vast.ai,RTX_4090,2,FI,spot,0.2,0.2,0.2,1,https://console.vast.ai/api/v0/bundles/,2026-05-08T08:35:26+00:00
2026-05-08,vast.ai,RTX_4090,4,NO,spot,0.113,0.113,0.113,1,https://console.vast.ai/api/v0/bundles/,2026-05-08T08:15:56+00:00
2026-05-08,vast.ai,RTX_4090,1,ES,spot,0.2,0.4667,0.4667,2,https://console.vast.ai/api/v0/bundles/,2026-05-08T08:35:26+00:00
2026-05-08,vast.ai,RTX_4090,2,CN,spot,0.1933,0.2667,0.2667,2,https://console.vast.ai/api/v0/bundles/,2026-05-08T08:35:26+00:00
2026-05-08,vast.ai,RTX_4090,2,TW,spot,0.2667,0.2667,0.2667,1,https://console.vast.ai/api/v0/bundles/,2026-05-08T08:34:24+00:00
2026-05-08,vast.ai,RTX_4090,2,BG,spot,0.2933,0.2933,0.2933,1,https://console.vast.ai/api/v0/bundles/,2026-05-08T08:35:26+00:00
2026-05-08,vast.ai,RTX_4090,2,MK,spot,0.3187,0.3187,0.3187,1,https://console.vast.ai/api/v0/bundles/,2026-05-08T08:15:56+00:00
2026-05-08,vast.ai,RTX_4090,2,IS,spot,0.3333,0.3893,0.4267,6,https://console.vast.ai/api/v0/bundles/,2026-05-08T08:35:26+00:00
2026-05-08,vast.ai,RTX_4090,4,CN,spot,0.1867,0.2267,0.2667,5,https://console.vast.ai/api/v0/bundles/,2026-05-08T08:35:26+00:00
2026-05-08,vast.ai,RTX_4090,2,RO,spot,0.5333,0.5333,0.5333,1,https://console.vast.ai/api/v0/bundles/,2026-05-08T08:35:26+00:00
2026-05-08,vast.ai,RTX_4090,4,MK,spot,0.3187,0.3187,0.3187,1,https://console.vast.ai/api/v0/bundles/,2026-05-08T08:35:26+00:00
2026-05-08,vast.ai,RTX_4090,8,CN,spot,0.1867,0.1933,0.2,3,https://console.vast.ai/api/v0/bundles/,2026-05-08T08:35:26+00:00
2026-05-08,vast.ai,RTX_4090,4,IS,spot,0.3867,0.3893,0.3893,3,https://console.vast.ai/api/v0/bundles/,2026-05-08T08:35:26+00:00
2026-05-08,vast.ai,RTX_4090,4,US,spot,0.2,0.2,0.4,3,https://console.vast.ai/api/v0/bundles/,2026-05-08T08:35:26+00:00
2026-05-08,vast.ai,RTX_4090,5,IS,spot,0.3867,0.3893,0.3893,2,https://console.vast.ai/api/v0/bundles/,2026-05-08T08:35:26+00:00
2026-05-08,vast.ai,RTX_4090,4,BG,spot,0.2933,0.56,0.56,2,https://console.vast.ai/api/v0/bundles/,2026-05-08T08:35:26+00:00
2026-05-08,vast.ai,RTX_4090,8,GB,spot,0.3467,0.3467,0.3467,2,https://console.vast.ai/api/v0/bundles/,2026-05-08T08:35:26+00:00
2026-05-08,vast.ai,RTX_4090,14,US,spot,0.2133,0.2133,0.2133,1,https://console.vast.ai/api/v0/bundles/,2026-05-08T08:35:26+00:00
2026-05-08,vast.ai,RTX_4090,8,US,spot,0.2133,0.4,0.4,2,https://console.vast.ai/api/v0/bundles/,2026-05-08T08:35:26+00:00
2026-05-08,vast.ai,RTX_4090,12,US,spot,0.4,0.4,0.4,1,https://console.vast.ai/api/v0/bundles/,2026-05-08T08:35:26+00:00
2026-05-08,vast.ai,RTX_4090,9,BG,spot,0.56,0.56,0.56,1,https://console.vast.ai/api/v0/bundles/,2026-05-08T08:34:24+00:00
2026-05-08,vast.ai,RTX_4090,1,DK,spot,0.2667,0.2667,0.2667,1,https://console.vast.ai/api/v0/bundles/,2026-05-08T08:35:26+00:00
2026-05-08,vast.ai,RTX_4090,1,BG,spot,0.2933,0.2933,0.2933,1,https://console.vast.ai/api/v0/bundles/,2026-05-08T08:34:24+00:00
2026-05-08,vast.ai,RTX_4090,1,MX,spot,0.4533,0.4533,0.4533,1,https://console.vast.ai/api/v0/bundles/,2026-05-08T08:34:24+00:00
2026-05-08,vast.ai,RTX_4090,2,JP,spot,0.2667,0.2667,0.2667,1,https://console.vast.ai/api/v0/bundles/,2026-05-08T08:35:26+00:00
2026-05-08,vast.ai,RTX_4090,2,GB,spot,0.4,0.4,0.4,1,https://console.vast.ai/api/v0/bundles/,2026-05-08T08:35:26+00:00
2026-05-08,vast.ai,RTX_4090,4,RO,spot,0.4,0.4,0.4,1,https://console.vast.ai/api/v0/bundles/,2026-05-08T08:35:26+00:00
2026-05-08,vast.ai,RTX_4090,8,BG,spot,0.56,0.56,0.56,1,https://console.vast.ai/api/v0/bundles/,2026-05-08T08:35:26+00:00
2026-05-08,vast.ai,RTX_5090,1,US,on_demand,0.337,0.6689,0.7637,10,https://console.vast.ai/api/v0/bundles/,2026-05-08T08:35:26+00:00
2026-05-08,vast.ai,RTX_5090,1,KR,on_demand,0.3356,0.6022,0.6022,4,https://console.vast.ai/api/v0/bundles/,2026-05-08T08:35:26+00:00
2026-05-08,vast.ai,RTX_5090,1,JP,on_demand,0.3756,0.5748,0.5748,2,https://console.vast.ai/api/v0/bundles/,2026-05-08T08:35:26+00:00
2026-05-08,vast.ai,RTX_5090,1,DK,on_demand,0.443,0.6681,0.6681,2,https://console.vast.ai/api/v0/bundles/,2026-05-08T08:15:56+00:00
2026-05-08,vast.ai,RTX_5090,1,AM,on_demand,0.4674,0.4674,0.4674,1,https://console.vast.ai/api/v0/bundles/,2026-05-08T08:15:56+00:00
2026-05-08,vast.ai,RTX_5090,1,ES,on_demand,0.4711,0.5212,0.5212,2,https://console.vast.ai/api/v0/bundles/,2026-05-08T08:35:26+00:00
2026-05-08,vast.ai,RTX_5090,1,IT,on_demand,0.4671,0.4738,0.4738,2,https://console.vast.ai/api/v0/bundles/,2026-05-08T08:35:26+00:00
2026-05-08,vast.ai,RTX_5090,1,HU,on_demand,0.5089,0.6356,0.6529,3,https://console.vast.ai/api/v0/bundles/,2026-05-08T08:35:26+00:00
2026-05-08,vast.ai,RTX_5090,1,GB,on_demand,0.5104,0.5104,0.5644,3,https://console.vast.ai/api/v0/bundles/,2026-05-08T08:35:26+00:00
2026-05-08,vast.ai,RTX_5090,1,FI,on_demand,0.5104,0.5104,0.5104,1,https://console.vast.ai/api/v0/bundles/,2026-05-08T08:15:56+00:00
2026-05-08,vast.ai,RTX_5090,1,DE,on_demand,0.7596,0.7596,0.7596,1,https://console.vast.ai/api/v0/bundles/,2026-05-08T08:35:26+00:00
2026-05-08,vast.ai,RTX_5090,1,SE,on_demand,0.5356,0.5356,0.5356,1,https://console.vast.ai/api/v0/bundles/,2026-05-08T08:15:56+00:00
2026-05-08,vast.ai,RTX_5090,1,CA,on_demand,0.4024,0.6422,6.6689,5,https://console.vast.ai/api/v0/bundles/,2026-05-08T08:35:26+00:00
2026-05-08,vast.ai,RTX_5090,1,IS,on_demand,0.6689,0.6689,0.6689,2,https://console.vast.ai/api/v0/bundles/,2026-05-08T08:35:26+00:00
2026-05-08,vast.ai,RTX_5090,1,CZ,on_demand,0.54,0.6585,0.6585,2,https://console.vast.ai/api/v0/bundles/,2026-05-08T08:35:26+00:00
2026-05-08,vast.ai,RTX_5090,2,VN,on_demand,0.3478,0.3478,0.3478,1,https://console.vast.ai/api/v0/bundles/,2026-05-08T08:15:56+00:00
2026-05-08,vast.ai,RTX_5090,2,JP,on_demand,0.3744,0.3744,0.3744,1,https://console.vast.ai/api/v0/bundles/,2026-05-08T08:35:26+00:00
2026-05-08,vast.ai,RTX_5090,2,US,on_demand,0.3352,0.6007,0.7344,7,https://console.vast.ai/api/v0/bundles/,2026-05-08T08:35:26+00:00
2026-05-08,vast.ai,RTX_5090,2,TW,on_demand,0.4022,0.4022,0.4022,2,https://console.vast.ai/api/v0/bundles/,2026-05-08T08:35:26+00:00
2026-05-08,vast.ai,RTX_5090,2,ES,on_demand,0.468,0.468,0.468,1,https://console.vast.ai/api/v0/bundles/,2026-05-08T08:35:26+00:00
2026-05-08,vast.ai,RTX_5090,2,GB,on_demand,0.5344,0.5622,0.6584,4,https://console.vast.ai/api/v0/bundles/,2026-05-08T08:35:26+00:00
2026-05-08,vast.ai,RTX_5090,2,RO,on_demand,0.6011,0.6011,0.6011,2,https://console.vast.ai/api/v0/bundles/,2026-05-08T08:35:26+00:00
2026-05-08,vast.ai,RTX_5090,2,CA,on_demand,0.3171,0.6411,0.6415,3,https://console.vast.ai/api/v0/bundles/,2026-05-08T08:35:26+00:00
2026-05-08,vast.ai,RTX_5090,2,IS,on_demand,0.6678,0.6678,0.6678,1,https://console.vast.ai/api/v0/bundles/,2026-05-08T08:35:26+00:00
2026-05-08,vast.ai,RTX_5090,2,CZ,on_demand,0.6559,0.6559,0.6559,1,https://console.vast.ai/api/v0/bundles/,2026-05-08T08:35:26+00:00
2026-05-08,vast.ai,RTX_5090,4,TW,on_demand,0.3739,0.3742,0.3742,2,https://console.vast.ai/api/v0/bundles/,2026-05-08T08:35:26+00:00
2026-05-08,vast.ai,RTX_5090,4,JP,on_demand,0.3739,0.3739,0.3739,1,https://console.vast.ai/api/v0/bundles/,2026-05-08T08:35:26+00:00
2026-05-08,vast.ai,RTX_5090,2,DE,on_demand,0.7584,0.7584,0.7584,1,https://console.vast.ai/api/v0/bundles/,2026-05-08T08:35:26+00:00
2026-05-08,vast.ai,RTX_5090,4,CN,on_demand,0.3806,0.3806,0.3806,1,https://console.vast.ai/api/v0/bundles/,2026-05-08T08:35:26+00:00
2026-05-08,vast.ai,RTX_5090,4,US,on_demand,0.3744,0.6674,0.7339,8,https://console.vast.ai/api/v0/bundles/,2026-05-08T08:35:26+00:00
2026-05-08,vast.ai,RTX_5090,4,GB,on_demand,0.5339,0.6559,0.6559,2,https://console.vast.ai/api/v0/bundles/,2026-05-08T08:35:26+00:00
2026-05-08,vast.ai,RTX_5090,4,IN,on_demand,0.5727,0.5727,0.5727,1,https://console.vast.ai/api/v0/bundles/,2026-05-08T08:35:26+00:00
2026-05-08,vast.ai,RTX_5090,4,RO,on_demand,0.6006,0.6006,0.6006,1,https://console.vast.ai/api/v0/bundles/,2026-05-08T08:35:26+00:00
2026-05-08,vast.ai,RTX_5090,4,CA,on_demand,0.3339,0.6407,0.6407,2,https://console.vast.ai/api/v0/bundles/,2026-05-08T08:35:26+00:00
2026-05-08,vast.ai,RTX_5090,4,UA,on_demand,0.6474,0.6474,0.6474,1,https://console.vast.ai/api/v0/bundles/,2026-05-08T08:35:26+00:00
2026-05-08,vast.ai,RTX_5090,4,IS,on_demand,0.6672,0.6672,0.6672,1,https://console.vast.ai/api/v0/bundles/,2026-05-08T08:15:56+00:00
2026-05-08,vast.ai,RTX_5090,8,JP,on_demand,0.4003,0.4003,0.4003,1,https://console.vast.ai/api/v0/bundles/,2026-05-08T08:15:56+00:00
2026-05-08,vast.ai,RTX_5090,8,SE,on_demand,0.4003,0.4003,0.4003,1,https://console.vast.ai/api/v0/bundles/,2026-05-08T08:15:56+00:00
2026-05-08,vast.ai,RTX_5090,8,US,on_demand,0.4005,0.6402,0.8003,5,https://console.vast.ai/api/v0/bundles/,2026-05-08T08:35:26+00:00
2026-05-08,vast.ai,RTX_5090,6,RO,on_demand,0.6004,0.6004,0.6004,1,https://console.vast.ai/api/v0/bundles/,2026-05-08T08:34:24+00:00
2026-05-08,vast.ai,RTX_5090,8,VN,on_demand,0.5309,0.5309,0.5309,1,https://console.vast.ai/api/v0/bundles/,2026-05-08T08:35:26+00:00
2026-05-08,vast.ai,RTX_5090,8,CA,on_demand,0.5805,0.7336,0.7336,2,https://console.vast.ai/api/v0/bundles/,2026-05-08T08:35:26+00:00
2026-05-08,vast.ai,RTX_5090,8,GB,on_demand,0.6406,0.6406,0.6406,1,https://console.vast.ai/api/v0/bundles/,2026-05-08T08:35:26+00:00
2026-05-08,vast.ai,RTX_5090,8,UA,on_demand,0.647,0.647,0.647,1,https://console.vast.ai/api/v0/bundles/,2026-05-08T08:35:26+00:00
2026-05-08,vast.ai,RTX_5090,8,NO,on_demand,0.6536,0.6536,0.6536,1,https://console.vast.ai/api/v0/bundles/,2026-05-08T08:35:26+00:00
2026-05-08,vast.ai,RTX_5090,1,PL,on_demand,0.3249,0.3249,0.3249,1,https://console.vast.ai/api/v0/bundles/,2026-05-08T08:34:24+00:00
2026-05-08,vast.ai,RTX_5090,1,VN,on_demand,0.4015,0.4015,0.4015,1,https://console.vast.ai/api/v0/bundles/,2026-05-08T08:35:26+00:00
2026-05-08,vast.ai,RTX_5090,1,TW,on_demand,0.4178,0.4178,0.4178,1,https://console.vast.ai/api/v0/bundles/,2026-05-08T08:35:26+00:00
2026-05-08,vast.ai,RTX_5090,1,NL,on_demand,0.5096,0.5096,0.5096,1,https://console.vast.ai/api/v0/bundles/,2026-05-08T08:35:26+00:00
2026-05-08,vast.ai,RTX_5090,1,ZA,on_demand,0.5889,0.5889,0.5889,1,https://console.vast.ai/api/v0/bundles/,2026-05-08T08:34:24+00:00
2026-05-08,vast.ai,RTX_5090,2,NL,on_demand,0.5081,0.5081,0.5081,1,https://console.vast.ai/api/v0/bundles/,2026-05-08T08:35:26+00:00
2026-05-08,vast.ai,RTX_5090,8,SI,on_demand,0.6014,0.6014,0.6014,1,https://console.vast.ai/api/v0/bundles/,2026-05-08T08:35:26+00:00
2026-05-08,vast.ai,RTX_5090,16,TW,on_demand,0.7001,0.7001,0.7001,1,https://console.vast.ai/api/v0/bundles/,2026-05-08T08:35:26+00:00
2026-05-08,vast.ai,RTX_5090,1,FR,on_demand,0.4289,0.4289,0.4289,1,https://console.vast.ai/api/v0/bundles/,2026-05-08T08:35:26+00:00
2026-05-08,vast.ai,RTX_5090,1,NO,on_demand,0.4696,0.4696,0.4696,1,https://console.vast.ai/api/v0/bundles/,2026-05-08T08:35:26+00:00
2026-05-08,vast.ai,RTX_5090,2,NO,on_demand,0.4274,0.4274,0.4274,1,https://console.vast.ai/api/v0/bundles/,2026-05-08T08:35:26+00:00
2026-05-08,vast.ai,RTX_5090,2,HU,on_demand,0.6344,0.6344,0.6344,1,https://console.vast.ai/api/v0/bundles/,2026-05-08T08:35:26+00:00
2026-05-08,vast.ai,RTX_5090,4,HU,on_demand,0.6339,0.6339,0.6339,1,https://console.vast.ai/api/v0/bundles/,2026-05-08T08:35:26+00:00
2026-05-08,vast.ai,RTX_5090,1,US,spot,0.2,0.3333,0.64,11,https://console.vast.ai/api/v0/bundles/,2026-05-08T08:35:26+00:00
2026-05-08,vast.ai,RTX_5090,1,CA,spot,0.126,0.189,1.3333,3,https://console.vast.ai/api/v0/bundles/,2026-05-08T08:35:26+00:00
2026-05-08,vast.ai,RTX_5090,1,CZ,spot,0.2667,0.2667,0.2667,2,https://console.vast.ai/api/v0/bundles/,2026-05-08T08:35:26+00:00
2026-05-08,vast.ai,RTX_5090,2,CA,spot,0.126,0.189,0.189,2,https://console.vast.ai/api/v0/bundles/,2026-05-08T08:35:26+00:00
2026-05-08,vast.ai,RTX_5090,1,JP,spot,0.2667,0.3467,0.3467,2,https://console.vast.ai/api/v0/bundles/,2026-05-08T08:35:26+00:00
2026-05-08,vast.ai,RTX_5090,1,KR,spot,0.3333,0.3333,0.3333,1,https://console.vast.ai/api/v0/bundles/,2026-05-08T08:35:26+00:00
2026-05-08,vast.ai,RTX_5090,1,DK,spot,0.32,0.32,0.32,1,https://console.vast.ai/api/v0/bundles/,2026-05-08T08:15:56+00:00
2026-05-08,vast.ai,RTX_5090,1,ES,spot,0.3333,0.4,0.4,2,https://console.vast.ai/api/v0/bundles/,2026-05-08T08:35:26+00:00
2026-05-08,vast.ai,RTX_5090,1,TW,spot,0.3333,0.3333,0.3333,1,https://console.vast.ai/api/v0/bundles/,2026-05-08T08:15:56+00:00
2026-05-08,vast.ai,RTX_5090,1,SK,spot,0.3733,0.3733,0.3733,1,https://console.vast.ai/api/v0/bundles/,2026-05-08T08:15:56+00:00
2026-05-08,vast.ai,RTX_5090,1,GB,spot,0.3733,0.52,0.5467,4,https://console.vast.ai/api/v0/bundles/,2026-05-08T08:35:26+00:00
2026-05-08,vast.ai,RTX_5090,1,AM,spot,0.4,0.4,0.4,1,https://console.vast.ai/api/v0/bundles/,2026-05-08T08:15:56+00:00
2026-05-08,vast.ai,RTX_5090,2,US,spot,0.2,0.3483,0.6667,7,https://console.vast.ai/api/v0/bundles/,2026-05-08T08:35:26+00:00
2026-05-08,vast.ai,RTX_5090,1,IT,spot,0.432,0.432,0.432,1,https://console.vast.ai/api/v0/bundles/,2026-05-08T08:35:26+00:00
2026-05-08,vast.ai,RTX_5090,4,CA,spot,0.126,0.126,0.126,1,https://console.vast.ai/api/v0/bundles/,2026-05-08T08:35:26+00:00
2026-05-08,vast.ai,RTX_5090,2,CZ,spot,0.2667,0.2667,0.2667,1,https://console.vast.ai/api/v0/bundles/,2026-05-08T08:35:26+00:00
2026-05-08,vast.ai,RTX_5090,1,DE,spot,0.6307,0.6307,0.6307,1,https://console.vast.ai/api/v0/bundles/,2026-05-08T08:35:26+00:00
2026-05-08,vast.ai,RTX_5090,1,IS,spot,0.6533,0.6533,0.6533,2,https://console.vast.ai/api/v0/bundles/,2026-05-08T08:35:26+00:00
2026-05-08,vast.ai,RTX_5090,2,TW,spot,0.3333,0.3333,0.3333,2,https://console.vast.ai/api/v0/bundles/,2026-05-08T08:35:26+00:00
2026-05-08,vast.ai,RTX_5090,4,US,spot,0.2,0.5333,0.6667,8,https://console.vast.ai/api/v0/bundles/,2026-05-08T08:35:26+00:00
2026-05-08,vast.ai,RTX_5090,8,CA,spot,0.269,0.269,0.269,1,https://console.vast.ai/api/v0/bundles/,2026-05-08T08:35:26+00:00
2026-05-08,vast.ai,RTX_5090,4,CN,spot,0.24,0.24,0.24,1,https://console.vast.ai/api/v0/bundles/,2026-05-08T08:35:26+00:00
2026-05-08,vast.ai,RTX_5090,2,GB,spot,0.52,0.52,0.5467,4,https://console.vast.ai/api/v0/bundles/,2026-05-08T08:35:26+00:00
2026-05-08,vast.ai,RTX_5090,2,RO,spot,0.5333,0.5867,0.5867,2,https://console.vast.ai/api/v0/bundles/,2026-05-08T08:35:26+00:00
2026-05-08,vast.ai,RTX_5090,2,DE,spot,0.6307,0.6307,0.6307,1,https://console.vast.ai/api/v0/bundles/,2026-05-08T08:35:26+00:00
2026-05-08,vast.ai,RTX_5090,4,TW,spot,0.32,0.32,0.32,1,https://console.vast.ai/api/v0/bundles/,2026-05-08T08:35:26+00:00
2026-05-08,vast.ai,RTX_5090,2,IS,spot,0.6533,0.6533,0.6533,1,https://console.vast.ai/api/v0/bundles/,2026-05-08T08:35:26+00:00
2026-05-08,vast.ai,RTX_5090,4,JP,spot,0.36,0.36,0.36,1,https://console.vast.ai/api/v0/bundles/,2026-05-08T08:15:56+00:00
2026-05-08,vast.ai,RTX_5090,4,IN,spot,0.364,0.364,0.364,1,https://console.vast.ai/api/v0/bundles/,2026-05-08T08:35:26+00:00
2026-05-08,vast.ai,RTX_5090,4,UA,spot,0.4667,0.4667,0.4667,1,https://console.vast.ai/api/v0/bundles/,2026-05-08T08:35:26+00:00
2026-05-08,vast.ai,RTX_5090,4,GB,spot,0.5067,0.52,0.5467,3,https://console.vast.ai/api/v0/bundles/,2026-05-08T08:35:26+00:00
2026-05-08,vast.ai,RTX_5090,8,JP,spot,0.2667,0.2667,0.2667,1,https://console.vast.ai/api/v0/bundles/,2026-05-08T08:15:56+00:00
2026-05-08,vast.ai,RTX_5090,8,SE,spot,0.2667,0.2667,0.2667,1,https://console.vast.ai/api/v0/bundles/,2026-05-08T08:15:56+00:00
2026-05-08,vast.ai,RTX_5090,8,US,spot,0.4,0.5333,0.6667,4,https://console.vast.ai/api/v0/bundles/,2026-05-08T08:35:26+00:00
2026-05-08,vast.ai,RTX_5090,4,RO,spot,0.5333,0.5333,0.5333,1,https://console.vast.ai/api/v0/bundles/,2026-05-08T08:35:26+00:00
2026-05-08,vast.ai,RTX_5090,4,IS,spot,0.6533,0.6533,0.6533,1,https://console.vast.ai/api/v0/bundles/,2026-05-08T08:15:56+00:00
2026-05-08,vast.ai,RTX_5090,8,VN,spot,0.3333,0.3333,0.3333,1,https://console.vast.ai/api/v0/bundles/,2026-05-08T08:35:26+00:00
2026-05-08,vast.ai,RTX_5090,6,RO,spot,0.5867,0.5867,0.5867,1,https://console.vast.ai/api/v0/bundles/,2026-05-08T08:34:24+00:00
2026-05-08,vast.ai,RTX_5090,8,NO,spot,0.4667,0.4667,0.4667,1,https://console.vast.ai/api/v0/bundles/,2026-05-08T08:35:26+00:00
2026-05-08,vast.ai,RTX_5090,8,UA,spot,0.4667,0.4667,0.4667,1,https://console.vast.ai/api/v0/bundles/,2026-05-08T08:35:26+00:00
2026-05-08,vast.ai,RTX_5090,1,UA,spot,4.0,4.0,4.0,1,https://console.vast.ai/api/v0/bundles/,2026-05-08T08:35:26+00:00
2026-05-08,vast.ai,RTX_5090,8,GB,spot,0.6267,0.6267,0.6267,1,https://console.vast.ai/api/v0/bundles/,2026-05-08T08:35:26+00:00
2026-05-08,vast.ai,RTX_5090,1,VN,spot,0.291,0.291,0.291,1,https://console.vast.ai/api/v0/bundles/,2026-05-08T08:35:26+00:00
2026-05-08,vast.ai,RTX_5090,1,MX,spot,0.4667,0.4667,0.4667,1,https://console.vast.ai/api/v0/bundles/,2026-05-08T08:35:26+00:00
2026-05-08,vast.ai,RTX_5090,1,NL,spot,0.4667,0.4667,0.4667,1,https://console.vast.ai/api/v0/bundles/,2026-05-08T08:35:26+00:00
2026-05-08,vast.ai,RTX_5090,2,JP,spot,0.3467,0.3467,0.3467,1,https://console.vast.ai/api/v0/bundles/,2026-05-08T08:35:26+00:00
2026-05-08,vast.ai,RTX_5090,2,NL,spot,0.4667,0.4667,0.4667,1,https://console.vast.ai/api/v0/bundles/,2026-05-08T08:35:26+00:00
2026-05-08,vast.ai,RTX_5090,16,TW,spot,0.56,0.56,0.56,1,https://console.vast.ai/api/v0/bundles/,2026-05-08T08:35:26+00:00
2026-05-08,vast.ai,RTX_5090,1,HU,spot,0.3333,0.3333,0.3333,1,https://console.vast.ai/api/v0/bundles/,2026-05-08T08:35:26+00:00
2026-05-08,vast.ai,RTX_5090,4,HK,spot,0.3333,0.3333,0.3333,1,https://console.vast.ai/api/v0/bundles/,2026-05-08T08:35:26+00:00
